-- Auto-generated seed data from local database
-- Generated: 2026-02-24 18:05:39.305490

-- drivers (4 rows)
INSERT INTO drivers (id, name, phone, telegram_chat_id, is_active, created_at) VALUES (1, 'Koray Bey', '05551234567', NULL, 1, '2026-02-23 21:35:40');
INSERT INTO drivers (id, name, phone, telegram_chat_id, is_active, created_at) VALUES (2, 'Fuat Bey', '05551234568', NULL, 1, '2026-02-23 21:35:40');
INSERT INTO drivers (id, name, phone, telegram_chat_id, is_active, created_at) VALUES (3, 'Kadir Bey', '05551234569', NULL, 1, '2026-02-23 21:35:40');
INSERT INTO drivers (id, name, phone, telegram_chat_id, is_active, created_at) VALUES (4, 'Gürkan Bey', '05551234570', NULL, 1, '2026-02-23 21:35:40');

-- customers (36 rows)
INSERT INTO customers (id, name, contact_name, phone, telegram_chat_id, address, latitude, longitude, default_variety_count, default_container_type, default_portion_count, special_notes, is_active, created_at, default_route_id) VALUES (1, 'Vi Teknik', NULL, NULL, NULL, 'Ostim OSB, 100. Yıl Bulvarı No:55, Yenimahalle, Ankara', 39.9691972, 32.7432371, 4, 'sefer_tasi', 3, NULL, 1, '2026-02-23 21:35:40', 1);
INSERT INTO customers (id, name, contact_name, phone, telegram_chat_id, address, latitude, longitude, default_variety_count, default_container_type, default_portion_count, special_notes, is_active, created_at, default_route_id) VALUES (2, 'BBM Grup', NULL, NULL, NULL, 'İvedik OSB, 1354. Cadde No:12, Yenimahalle, Ankara', 39.9867623, 32.7495662, 6, 'sefer_tasi', 5, NULL, 1, '2026-02-23 21:35:40', 1);
INSERT INTO customers (id, name, contact_name, phone, telegram_chat_id, address, latitude, longitude, default_variety_count, default_container_type, default_portion_count, special_notes, is_active, created_at, default_route_id) VALUES (3, 'Pin Teknik', NULL, NULL, NULL, 'Atatürk Bulvarı No:187, Kavaklıdere, Çankaya, Ankara', 39.909716, 32.856431, 8, 'sefer_tasi', 4, NULL, 1, '2026-02-23 21:35:40', 1);
INSERT INTO customers (id, name, contact_name, phone, telegram_chat_id, address, latitude, longitude, default_variety_count, default_container_type, default_portion_count, special_notes, is_active, created_at, default_route_id) VALUES (4, 'Tansu Bey', NULL, NULL, NULL, 'Turan Güneş Bulvarı No:98, Çankaya, Ankara', 39.8644936, 32.8565189, 4, 'sefer_tasi', 5, NULL, 1, '2026-02-23 21:35:40', 1);
INSERT INTO customers (id, name, contact_name, phone, telegram_chat_id, address, latitude, longitude, default_variety_count, default_container_type, default_portion_count, special_notes, is_active, created_at, default_route_id) VALUES (5, 'Dofu Veteriner', NULL, NULL, NULL, 'Bahçelievler 7. Cadde No:22, Çankaya, Ankara', 39.9226018, 32.8257657, 4, 'sefer_tasi', 3, NULL, 1, '2026-02-23 21:35:40', 1);
INSERT INTO customers (id, name, contact_name, phone, telegram_chat_id, address, latitude, longitude, default_variety_count, default_container_type, default_portion_count, special_notes, is_active, created_at, default_route_id) VALUES (6, 'Demet Hanım', NULL, NULL, NULL, 'Kızılay, Ziya Gökalp Caddesi No:50, Çankaya, Ankara', 39.9232333, 32.8620167, 4, 'sefer_tasi', 2, NULL, 1, '2026-02-23 21:35:40', 1);
INSERT INTO customers (id, name, contact_name, phone, telegram_chat_id, address, latitude, longitude, default_variety_count, default_container_type, default_portion_count, special_notes, is_active, created_at, default_route_id) VALUES (7, 'Dr. Yavuz Yıldız', NULL, NULL, NULL, 'Çayyolu, 1455. Cadde No:5, Çankaya, Ankara', 39.8813201, 32.6983711, 4, 'sefer_tasi', 7, NULL, 1, '2026-02-23 21:35:40', 1);
INSERT INTO customers (id, name, contact_name, phone, telegram_chat_id, address, latitude, longitude, default_variety_count, default_container_type, default_portion_count, special_notes, is_active, created_at, default_route_id) VALUES (8, 'TSS Sigorta', NULL, NULL, NULL, 'Ümitköy, 2478. Cadde No:15, Çankaya, Ankara', 39.9361511, 32.7098241, 5, 'sefer_tasi', 12, NULL, 1, '2026-02-23 21:35:40', 1);
INSERT INTO customers (id, name, contact_name, phone, telegram_chat_id, address, latitude, longitude, default_variety_count, default_container_type, default_portion_count, special_notes, is_active, created_at, default_route_id) VALUES (9, 'Aybirke Düzgün', NULL, NULL, NULL, 'Batıkent, Kardelen Sokak No:8, Yenimahalle, Ankara', 39.9592031, 32.7207574, 4, 'sefer_tasi', 2, NULL, 1, '2026-02-23 21:35:40', 2);
INSERT INTO customers (id, name, contact_name, phone, telegram_chat_id, address, latitude, longitude, default_variety_count, default_container_type, default_portion_count, special_notes, is_active, created_at, default_route_id) VALUES (10, 'Sağol Paşa', NULL, NULL, NULL, 'Sincan OSB, 1. Cadde No:30, Sincan, Ankara', 39.9391106, 32.5729276, 8, 'sefer_tasi', 2, NULL, 1, '2026-02-23 21:35:40', 2);
INSERT INTO customers (id, name, contact_name, phone, telegram_chat_id, address, latitude, longitude, default_variety_count, default_container_type, default_portion_count, special_notes, is_active, created_at, default_route_id) VALUES (11, 'Yıldırım Sağlık', NULL, NULL, NULL, 'Etimesgut, 30 Ağustos Mahallesi, Ankara', 39.9423661, 32.6545889, 5, 'sefer_tasi', 7, '3 çeşit olacak', 1, '2026-02-23 21:35:40', 2);
INSERT INTO customers (id, name, contact_name, phone, telegram_chat_id, address, latitude, longitude, default_variety_count, default_container_type, default_portion_count, special_notes, is_active, created_at, default_route_id) VALUES (12, 'Osman Tuğrul', NULL, NULL, NULL, 'Keçiören, Fatih Caddesi No:45, Ankara', 39.9734922, 32.8649979, 4, 'sefer_tasi', NULL, NULL, 1, '2026-02-23 21:35:40', 2);
INSERT INTO customers (id, name, contact_name, phone, telegram_chat_id, address, latitude, longitude, default_variety_count, default_container_type, default_portion_count, special_notes, is_active, created_at, default_route_id) VALUES (13, 'Ufuk Mesken Merkez', NULL, NULL, NULL, 'Pursaklar, Merkez Mahallesi, Ankara', 40.0393053, 32.8927958, 6, 'sefer_tasi', 3, 'Çorbalı bol', 1, '2026-02-23 21:35:40', 2);
INSERT INTO customers (id, name, contact_name, phone, telegram_chat_id, address, latitude, longitude, default_variety_count, default_container_type, default_portion_count, special_notes, is_active, created_at, default_route_id) VALUES (14, 'Sierra', NULL, NULL, NULL, 'Gölbaşı, İncek Bulvarı No:20, Ankara', 39.8150487, 32.7172165, 5, 'sefer_tasi', 12, NULL, 1, '2026-02-23 21:35:40', 2);
INSERT INTO customers (id, name, contact_name, phone, telegram_chat_id, address, latitude, longitude, default_variety_count, default_container_type, default_portion_count, special_notes, is_active, created_at, default_route_id) VALUES (15, 'Sezgice', NULL, NULL, NULL, 'Mamak, Natoyolu Caddesi No:55, Ankara', 39.9199498, 32.9077408, 4, 'sefer_tasi', 7, NULL, 1, '2026-02-23 21:35:40', 2);
INSERT INTO customers (id, name, contact_name, phone, telegram_chat_id, address, latitude, longitude, default_variety_count, default_container_type, default_portion_count, special_notes, is_active, created_at, default_route_id) VALUES (16, 'Hayges', NULL, NULL, NULL, 'Altındağ, Hamamönü, Ankara', 39.9333028, 32.8664059, 6, 'sefer_tasi', 5, NULL, 1, '2026-02-23 21:35:40', 2);
INSERT INTO customers (id, name, contact_name, phone, telegram_chat_id, address, latitude, longitude, default_variety_count, default_container_type, default_portion_count, special_notes, is_active, created_at, default_route_id) VALUES (17, 'Ramazan Topaloğlu', NULL, NULL, NULL, 'Siteler, Ankara', 39.9599091, 32.9001337, 4, 'sefer_tasi', 3, 'Yeni firma', 1, '2026-02-23 21:35:40', 3);
INSERT INTO customers (id, name, contact_name, phone, telegram_chat_id, address, latitude, longitude, default_variety_count, default_container_type, default_portion_count, special_notes, is_active, created_at, default_route_id) VALUES (18, 'Bear Tell', NULL, NULL, NULL, 'Tandoğan, Beşevler, Ankara', 39.9323643, 32.8286368, 4, 'sefer_tasi', 2, NULL, 1, '2026-02-23 21:35:40', 3);
INSERT INTO customers (id, name, contact_name, phone, telegram_chat_id, address, latitude, longitude, default_variety_count, default_container_type, default_portion_count, special_notes, is_active, created_at, default_route_id) VALUES (19, 'Subaşı Grup', NULL, NULL, NULL, 'Söğütözü, 2179. Cadde, Çankaya, Ankara', 39.9114926, 32.7877528, 5, 'sefer_tasi', 10, NULL, 1, '2026-02-23 21:35:40', 3);
INSERT INTO customers (id, name, contact_name, phone, telegram_chat_id, address, latitude, longitude, default_variety_count, default_container_type, default_portion_count, special_notes, is_active, created_at, default_route_id) VALUES (20, 'Artiz Medya', NULL, NULL, NULL, 'Bilkent, Üniversiteler Mahallesi, Ankara', 39.907546, 32.765437, 4, 'sefer_tasi', 4, NULL, 1, '2026-02-23 21:35:40', 3);
INSERT INTO customers (id, name, contact_name, phone, telegram_chat_id, address, latitude, longitude, default_variety_count, default_container_type, default_portion_count, special_notes, is_active, created_at, default_route_id) VALUES (21, 'Bianco', NULL, NULL, NULL, 'Emek, Bişkek Caddesi, Çankaya, Ankara', 39.9241022, 32.8178183, 5, 'sefer_tasi', 4, NULL, 1, '2026-02-23 21:35:40', 3);
INSERT INTO customers (id, name, contact_name, phone, telegram_chat_id, address, latitude, longitude, default_variety_count, default_container_type, default_portion_count, special_notes, is_active, created_at, default_route_id) VALUES (22, 'Beta Makina', NULL, NULL, NULL, 'Aşağı Ayrancı, Hoşdere Caddesi, Çankaya, Ankara', 39.899513, 32.853705, 4, 'kuvet', 6, NULL, 1, '2026-02-23 21:35:40', 3);
INSERT INTO customers (id, name, contact_name, phone, telegram_chat_id, address, latitude, longitude, default_variety_count, default_container_type, default_portion_count, special_notes, is_active, created_at, default_route_id) VALUES (23, 'Vitrin Eczanesi', NULL, NULL, NULL, 'Dikmen, Cevizlidere Caddesi, Çankaya, Ankara', 39.8673939, 32.8224297, 4, 'sefer_tasi', 3, NULL, 1, '2026-02-23 21:35:40', 3);
INSERT INTO customers (id, name, contact_name, phone, telegram_chat_id, address, latitude, longitude, default_variety_count, default_container_type, default_portion_count, special_notes, is_active, created_at, default_route_id) VALUES (24, 'Ufuk Mesken Çayyolu', NULL, NULL, NULL, 'Elvankent, Dumlupınar Bulvarı, Etimesgut, Ankara', 39.8445529, 32.5940274, 4, 'sefer_tasi', NULL, 'Bol kepçe', 1, '2026-02-23 21:35:40', 3);
INSERT INTO customers (id, name, contact_name, phone, telegram_chat_id, address, latitude, longitude, default_variety_count, default_container_type, default_portion_count, special_notes, is_active, created_at, default_route_id) VALUES (25, 'Günteks', NULL, NULL, NULL, 'Demetevler, İrfan Baştuğ Caddesi, Yenimahalle, Ankara', 39.9956491, 32.8989063, 4, 'sefer_tasi', 5, NULL, 1, '2026-02-23 21:35:40', 3);
INSERT INTO customers (id, name, contact_name, phone, telegram_chat_id, address, latitude, longitude, default_variety_count, default_container_type, default_portion_count, special_notes, is_active, created_at, default_route_id) VALUES (26, 'Gülfem Hanım', NULL, NULL, NULL, 'Eryaman, Gazi Osman Paşa Bulvarı, Etimesgut, Ankara', 39.9757457, 32.6107881, 4, 'sefer_tasi', NULL, NULL, 1, '2026-02-23 21:35:40', 4);
INSERT INTO customers (id, name, contact_name, phone, telegram_chat_id, address, latitude, longitude, default_variety_count, default_container_type, default_portion_count, special_notes, is_active, created_at, default_route_id) VALUES (27, 'Agel İnşaat', NULL, NULL, NULL, 'Kızılcahamam Caddesi, Keçiören, Ankara', 39.9771152, 32.8084114, 5, 'kuvet', 11, 'Nisa Derin Küvet - 14 çeşit 4 kişi olacak', 1, '2026-02-23 21:35:40', 4);
INSERT INTO customers (id, name, contact_name, phone, telegram_chat_id, address, latitude, longitude, default_variety_count, default_container_type, default_portion_count, special_notes, is_active, created_at, default_route_id) VALUES (28, 'Jargon Reklam', NULL, NULL, NULL, 'Akdere Mahallesi, Mamak, Ankara', 39.9196798, 32.8859972, 4, 'tepsi', 9, NULL, 1, '2026-02-23 21:35:40', 4);
INSERT INTO customers (id, name, contact_name, phone, telegram_chat_id, address, latitude, longitude, default_variety_count, default_container_type, default_portion_count, special_notes, is_active, created_at, default_route_id) VALUES (29, 'Suat Doğancı', NULL, NULL, NULL, 'Yıldız, Turan Güneş Bulvarı, Çankaya, Ankara', 39.8494262, 32.8436103, 5, 'poset', 3, NULL, 1, '2026-02-23 21:35:40', 4);
INSERT INTO customers (id, name, contact_name, phone, telegram_chat_id, address, latitude, longitude, default_variety_count, default_container_type, default_portion_count, special_notes, is_active, created_at, default_route_id) VALUES (30, 'Retro', NULL, NULL, NULL, 'Beypazarı, Ankara', 40.168218, 31.920441, 4, 'kuvet', 10, 'Ana yemek uzun küvet', 1, '2026-02-23 21:35:40', 4);
INSERT INTO customers (id, name, contact_name, phone, telegram_chat_id, address, latitude, longitude, default_variety_count, default_container_type, default_portion_count, special_notes, is_active, created_at, default_route_id) VALUES (31, 'Doğan Salata Bar', NULL, NULL, NULL, 'GOP, Gaziosmanpaşa Mahallesi, Çankaya, Ankara', 39.8983499, 32.8662635, 5, 'sefer_tasi', 20, 'Salata Bar', 1, '2026-02-23 21:35:40', 4);
INSERT INTO customers (id, name, contact_name, phone, telegram_chat_id, address, latitude, longitude, default_variety_count, default_container_type, default_portion_count, special_notes, is_active, created_at, default_route_id) VALUES (32, 'Çizgi Giyim', NULL, NULL, NULL, 'Bahçelievler 4. Cadde, Çankaya, Ankara', 39.872492, 32.8597393, 4, 'paket', 20, NULL, 1, '2026-02-23 21:35:40', 4);
INSERT INTO customers (id, name, contact_name, phone, telegram_chat_id, address, latitude, longitude, default_variety_count, default_container_type, default_portion_count, special_notes, is_active, created_at, default_route_id) VALUES (33, 'hashtag world company', 'mert', '555 123 45 67', '', 'Çukurambar, Muhsin Yazıcıoğlu Caddesi, Çankaya, Ankara', 39.9090203, 32.8053198, 4, 'sefer_tasi', 50, '(Yemeklerin yaninda edemame verilecek)', 1, '2026-02-23 21:48:00', 4);
INSERT INTO customers (id, name, contact_name, phone, telegram_chat_id, address, latitude, longitude, default_variety_count, default_container_type, default_portion_count, special_notes, is_active, created_at, default_route_id) VALUES (34, 'hashtag world company Kurumsal Yemek', 'mert', '555 123 45 67', NULL, NULL, NULL, NULL, 4, 'sefer_tasi', 5, '', 0, '2026-02-23 22:52:05', NULL);
INSERT INTO customers (id, name, contact_name, phone, telegram_chat_id, address, latitude, longitude, default_variety_count, default_container_type, default_portion_count, special_notes, is_active, created_at, default_route_id) VALUES (35, 'Ankara Test Yazilim A.S.', 'Mehmet Bey', '05551234567', NULL, 'Koru Mahallesi, Çankaya, Ankara', 39.8912799, 32.6814254, 4, 'paket', 12, 'Bol baharat istiyor', 1, '2026-02-24 02:40:37', NULL);
INSERT INTO customers (id, name, contact_name, phone, telegram_chat_id, address, latitude, longitude, default_variety_count, default_container_type, default_portion_count, special_notes, is_active, created_at, default_route_id) VALUES (36, 'Elma lojistik', 'Emine', '', NULL, NULL, NULL, NULL, 4, 'sefer_tasi', 0, '', 1, '2026-02-24 12:54:39', NULL);

-- routes (8 rows)
INSERT INTO routes (id, date, driver_id, service_number, route_name, status, optimized_order, total_sefer_tasi, total_paket, total_tepsi, total_poset, total_kuvet, total_portions, created_at, optimized_distance_km, optimized_duration_min) VALUES (1, '2026-02-24', 4, 1, 'Gürkan Bey - 1. Servis', 'completed', NULL, 48, 12, 0, 0, 0, 60, '2026-02-23 23:13:10', 94.8, 142);
INSERT INTO routes (id, date, driver_id, service_number, route_name, status, optimized_order, total_sefer_tasi, total_paket, total_tepsi, total_poset, total_kuvet, total_portions, created_at, optimized_distance_km, optimized_duration_min) VALUES (2, '2026-02-24', 1, 1, 'Koray Bey - 1. Servis', 'planned', NULL, 6, 0, 0, 0, 0, 36, '2026-02-24 00:46:07', 101.2, 130);
INSERT INTO routes (id, date, driver_id, service_number, route_name, status, optimized_order, total_sefer_tasi, total_paket, total_tepsi, total_poset, total_kuvet, total_portions, created_at, optimized_distance_km, optimized_duration_min) VALUES (3, '2026-02-24', 2, 1, 'Fuat Bey - 1. Servis', 'planned', NULL, 7, 0, 0, 0, 1, 37, '2026-02-24 00:46:07', 52.6, 88);
INSERT INTO routes (id, date, driver_id, service_number, route_name, status, optimized_order, total_sefer_tasi, total_paket, total_tepsi, total_poset, total_kuvet, total_portions, created_at, optimized_distance_km, optimized_duration_min) VALUES (4, '2026-02-24', 3, 1, 'Kadir Bey - 1. Servis', 'planned', NULL, 3, 1, 1, 1, 2, 110, '2026-02-24 00:46:07', 224.9, 223);
INSERT INTO routes (id, date, driver_id, service_number, route_name, status, optimized_order, total_sefer_tasi, total_paket, total_tepsi, total_poset, total_kuvet, total_portions, created_at, optimized_distance_km, optimized_duration_min) VALUES (5, '2026-02-27', 1, 1, 'Koray Bey - 1. Servis', 'planned', NULL, 0, 0, 0, 0, 0, 0, '2026-02-24 01:11:08', NULL, NULL);
INSERT INTO routes (id, date, driver_id, service_number, route_name, status, optimized_order, total_sefer_tasi, total_paket, total_tepsi, total_poset, total_kuvet, total_portions, created_at, optimized_distance_km, optimized_duration_min) VALUES (6, '2026-02-27', 2, 1, 'Fuat Bey - 1. Servis', 'planned', NULL, 0, 0, 0, 0, 0, 0, '2026-02-24 01:11:08', NULL, NULL);
INSERT INTO routes (id, date, driver_id, service_number, route_name, status, optimized_order, total_sefer_tasi, total_paket, total_tepsi, total_poset, total_kuvet, total_portions, created_at, optimized_distance_km, optimized_duration_min) VALUES (7, '2026-02-27', 3, 1, 'Kadir Bey - 1. Servis', 'planned', NULL, 0, 0, 0, 0, 0, 0, '2026-02-24 01:11:08', NULL, NULL);
INSERT INTO routes (id, date, driver_id, service_number, route_name, status, optimized_order, total_sefer_tasi, total_paket, total_tepsi, total_poset, total_kuvet, total_portions, created_at, optimized_distance_km, optimized_duration_min) VALUES (8, '2026-02-27', 4, 1, 'Gürkan Bey - 1. Servis', 'planned', NULL, 48, 0, 0, 0, 0, 48, '2026-02-24 01:11:08', NULL, NULL);

-- weekly_menus (1 rows)
INSERT INTO weekly_menus (id, week_start_date, status, created_at) VALUES (1, '2026-02-09', 'published', '2026-02-23 21:35:40');

-- menu_items (24 rows)
INSERT INTO menu_items (id, weekly_menu_id, day_of_week, item_order, item_name, category) VALUES (25, 1, 0, 1, 'Ezogelin Çorbası', 'corba');
INSERT INTO menu_items (id, weekly_menu_id, day_of_week, item_order, item_name, category) VALUES (26, 1, 0, 2, 'Etli Bezelye', 'ana_yemek');
INSERT INTO menu_items (id, weekly_menu_id, day_of_week, item_order, item_name, category) VALUES (27, 1, 0, 3, 'Pilav', 'garnitur');
INSERT INTO menu_items (id, weekly_menu_id, day_of_week, item_order, item_name, category) VALUES (28, 1, 0, 4, 'Yoğurt', 'tatli');
INSERT INTO menu_items (id, weekly_menu_id, day_of_week, item_order, item_name, category) VALUES (29, 1, 1, 1, 'Yayla Çorbası', 'corba');
INSERT INTO menu_items (id, weekly_menu_id, day_of_week, item_order, item_name, category) VALUES (30, 1, 1, 2, 'Rosto Köfte-Püre', 'ana_yemek');
INSERT INTO menu_items (id, weekly_menu_id, day_of_week, item_order, item_name, category) VALUES (31, 1, 1, 3, 'Makarna', 'garnitur');
INSERT INTO menu_items (id, weekly_menu_id, day_of_week, item_order, item_name, category) VALUES (32, 1, 1, 4, 'Sütlü Tatlı', 'tatli');
INSERT INTO menu_items (id, weekly_menu_id, day_of_week, item_order, item_name, category) VALUES (33, 1, 2, 1, 'Mercimek Çorbası', 'corba');
INSERT INTO menu_items (id, weekly_menu_id, day_of_week, item_order, item_name, category) VALUES (34, 1, 2, 2, 'Tavuk Döner', 'ana_yemek');
INSERT INTO menu_items (id, weekly_menu_id, day_of_week, item_order, item_name, category) VALUES (35, 1, 2, 3, 'Pilav', 'garnitur');
INSERT INTO menu_items (id, weekly_menu_id, day_of_week, item_order, item_name, category) VALUES (36, 1, 2, 4, 'Ayran', 'tatli');
INSERT INTO menu_items (id, weekly_menu_id, day_of_week, item_order, item_name, category) VALUES (37, 1, 3, 1, 'Arpa Şehriye Çorbası', 'corba');
INSERT INTO menu_items (id, weekly_menu_id, day_of_week, item_order, item_name, category) VALUES (38, 1, 3, 2, 'Kağıt Kebabı', 'ana_yemek');
INSERT INTO menu_items (id, weekly_menu_id, day_of_week, item_order, item_name, category) VALUES (39, 1, 3, 3, 'Mısırlı Bulgur Pilavı', 'garnitur');
INSERT INTO menu_items (id, weekly_menu_id, day_of_week, item_order, item_name, category) VALUES (40, 1, 3, 4, 'Mor Sultan', 'tatli');
INSERT INTO menu_items (id, weekly_menu_id, day_of_week, item_order, item_name, category) VALUES (41, 1, 4, 1, 'Mantar Çorbası', 'corba');
INSERT INTO menu_items (id, weekly_menu_id, day_of_week, item_order, item_name, category) VALUES (42, 1, 4, 2, 'Karışık Izgara', 'ana_yemek');
INSERT INTO menu_items (id, weekly_menu_id, day_of_week, item_order, item_name, category) VALUES (43, 1, 4, 3, 'Pilav', 'garnitur');
INSERT INTO menu_items (id, weekly_menu_id, day_of_week, item_order, item_name, category) VALUES (44, 1, 4, 4, 'Cola', 'tatli');
INSERT INTO menu_items (id, weekly_menu_id, day_of_week, item_order, item_name, category) VALUES (45, 1, 5, 1, 'Tarhana Çorbası', 'corba');
INSERT INTO menu_items (id, weekly_menu_id, day_of_week, item_order, item_name, category) VALUES (46, 1, 5, 2, 'Kıymalı Pide', 'ana_yemek');
INSERT INTO menu_items (id, weekly_menu_id, day_of_week, item_order, item_name, category) VALUES (47, 1, 5, 3, 'Salata', 'garnitur');
INSERT INTO menu_items (id, weekly_menu_id, day_of_week, item_order, item_name, category) VALUES (48, 1, 5, 4, 'Ayran', 'tatli');

-- orders (45 rows)
INSERT INTO orders (id, date, customer_id, route_id, delivery_sequence, variety_count, portion_count, portion_detail, container_type, special_notes, extra_items, cutlery_needed, status, created_at) VALUES (1, '2026-02-10', 33, NULL, NULL, 1, 5, NULL, 'sefer_tasi', '', NULL, 0, 'pending', '2026-02-23 21:49:41');
INSERT INTO orders (id, date, customer_id, route_id, delivery_sequence, variety_count, portion_count, portion_detail, container_type, special_notes, extra_items, cutlery_needed, status, created_at) VALUES (2, '2026-02-24', 33, 1, 1, 4, 5, NULL, 'sefer_tasi', '', NULL, 0, 'delivered', '2026-02-23 22:52:40');
INSERT INTO orders (id, date, customer_id, route_id, delivery_sequence, variety_count, portion_count, portion_detail, container_type, special_notes, extra_items, cutlery_needed, status, created_at) VALUES (3, '2026-02-24', 33, 4, 1, 4, 5, NULL, 'sefer_tasi', '', NULL, 0, 'ready', '2026-02-23 23:01:24');
INSERT INTO orders (id, date, customer_id, route_id, delivery_sequence, variety_count, portion_count, portion_detail, container_type, special_notes, extra_items, cutlery_needed, status, created_at) VALUES (4, '2026-02-24', 10, 1, 7, 8, 2, '', 'sefer_tasi', '', '', 0, 'delivered', '2026-02-23 23:12:32');
INSERT INTO orders (id, date, customer_id, route_id, delivery_sequence, variety_count, portion_count, portion_detail, container_type, special_notes, extra_items, cutlery_needed, status, created_at) VALUES (5, '2026-02-24', 33, 4, 2, 4, 32, NULL, 'sefer_tasi', '', NULL, 0, 'ready', '2026-02-23 23:22:27');
INSERT INTO orders (id, date, customer_id, route_id, delivery_sequence, variety_count, portion_count, portion_detail, container_type, special_notes, extra_items, cutlery_needed, status, created_at) VALUES (6, '2026-02-25', 33, NULL, NULL, 4, 53, NULL, 'sefer_tasi', '', NULL, 0, 'pending', '2026-02-23 23:23:13');
INSERT INTO orders (id, date, customer_id, route_id, delivery_sequence, variety_count, portion_count, portion_detail, container_type, special_notes, extra_items, cutlery_needed, status, created_at) VALUES (7, '2026-02-27', 33, 8, '', 4, 48, NULL, 'sefer_tasi', '', NULL, 0, 'pending', '2026-02-23 23:23:13');
INSERT INTO orders (id, date, customer_id, route_id, delivery_sequence, variety_count, portion_count, portion_detail, container_type, special_notes, extra_items, cutlery_needed, status, created_at) VALUES (8, '2026-02-24', 1, 1, 9, 4, 3, NULL, 'sefer_tasi', NULL, NULL, 0, 'ready', '2026-02-24 00:46:07');
INSERT INTO orders (id, date, customer_id, route_id, delivery_sequence, variety_count, portion_count, portion_detail, container_type, special_notes, extra_items, cutlery_needed, status, created_at) VALUES (9, '2026-02-24', 2, 1, 8, 6, 5, NULL, 'sefer_tasi', NULL, NULL, 0, 'ready', '2026-02-24 00:46:07');
INSERT INTO orders (id, date, customer_id, route_id, delivery_sequence, variety_count, portion_count, portion_detail, container_type, special_notes, extra_items, cutlery_needed, status, created_at) VALUES (10, '2026-02-24', 3, 1, 4, 8, 4, NULL, 'sefer_tasi', NULL, NULL, 0, 'ready', '2026-02-24 00:46:07');
INSERT INTO orders (id, date, customer_id, route_id, delivery_sequence, variety_count, portion_count, portion_detail, container_type, special_notes, extra_items, cutlery_needed, status, created_at) VALUES (11, '2026-02-24', 4, 1, 5, 4, 5, NULL, 'sefer_tasi', NULL, NULL, 0, 'ready', '2026-02-24 00:46:07');
INSERT INTO orders (id, date, customer_id, route_id, delivery_sequence, variety_count, portion_count, portion_detail, container_type, special_notes, extra_items, cutlery_needed, status, created_at) VALUES (12, '2026-02-24', 5, 1, 2, 4, 3, NULL, 'sefer_tasi', NULL, NULL, 0, 'delivered', '2026-02-24 00:46:07');
INSERT INTO orders (id, date, customer_id, route_id, delivery_sequence, variety_count, portion_count, portion_detail, container_type, special_notes, extra_items, cutlery_needed, status, created_at) VALUES (13, '2026-02-24', 6, 1, 3, 4, 2, NULL, 'sefer_tasi', NULL, NULL, 0, 'delivered', '2026-02-24 00:46:07');
INSERT INTO orders (id, date, customer_id, route_id, delivery_sequence, variety_count, portion_count, portion_detail, container_type, special_notes, extra_items, cutlery_needed, status, created_at) VALUES (14, '2026-02-24', 7, 1, 6, 4, 7, NULL, 'sefer_tasi', NULL, NULL, 0, 'ready', '2026-02-24 00:46:07');
INSERT INTO orders (id, date, customer_id, route_id, delivery_sequence, variety_count, portion_count, portion_detail, container_type, special_notes, extra_items, cutlery_needed, status, created_at) VALUES (15, '2026-02-24', 8, 1, 10, 5, 12, NULL, 'sefer_tasi', NULL, NULL, 0, 'ready', '2026-02-24 00:46:07');
INSERT INTO orders (id, date, customer_id, route_id, delivery_sequence, variety_count, portion_count, portion_detail, container_type, special_notes, extra_items, cutlery_needed, status, created_at) VALUES (16, '2026-02-24', 9, 2, 1, 4, 2, NULL, 'sefer_tasi', NULL, NULL, 0, 'ready', '2026-02-24 00:46:07');
INSERT INTO orders (id, date, customer_id, route_id, delivery_sequence, variety_count, portion_count, portion_detail, container_type, special_notes, extra_items, cutlery_needed, status, created_at) VALUES (17, '2026-02-24', 11, 2, 2, 5, 7, NULL, 'sefer_tasi', '3 çeşit olacak', NULL, 0, 'delivered', '2026-02-24 00:46:07');
INSERT INTO orders (id, date, customer_id, route_id, delivery_sequence, variety_count, portion_count, portion_detail, container_type, special_notes, extra_items, cutlery_needed, status, created_at) VALUES (18, '2026-02-24', 13, 2, 5, 6, 3, NULL, 'sefer_tasi', 'Çorbalı bol', NULL, 0, 'ready', '2026-02-24 00:46:07');
INSERT INTO orders (id, date, customer_id, route_id, delivery_sequence, variety_count, portion_count, portion_detail, container_type, special_notes, extra_items, cutlery_needed, status, created_at) VALUES (19, '2026-02-24', 14, 2, 3, 5, 12, NULL, 'sefer_tasi', NULL, NULL, 0, 'ready', '2026-02-24 00:46:07');
INSERT INTO orders (id, date, customer_id, route_id, delivery_sequence, variety_count, portion_count, portion_detail, container_type, special_notes, extra_items, cutlery_needed, status, created_at) VALUES (20, '2026-02-24', 15, 2, 4, 4, 7, NULL, 'sefer_tasi', NULL, NULL, 0, 'ready', '2026-02-24 00:46:07');
INSERT INTO orders (id, date, customer_id, route_id, delivery_sequence, variety_count, portion_count, portion_detail, container_type, special_notes, extra_items, cutlery_needed, status, created_at) VALUES (21, '2026-02-24', 16, 2, 6, 6, 5, NULL, 'sefer_tasi', NULL, NULL, 0, 'ready', '2026-02-24 00:46:07');
INSERT INTO orders (id, date, customer_id, route_id, delivery_sequence, variety_count, portion_count, portion_detail, container_type, special_notes, extra_items, cutlery_needed, status, created_at) VALUES (22, '2026-02-24', 17, 3, 1, 4, 3, NULL, 'sefer_tasi', 'Yeni firma', NULL, 0, 'ready', '2026-02-24 00:46:07');
INSERT INTO orders (id, date, customer_id, route_id, delivery_sequence, variety_count, portion_count, portion_detail, container_type, special_notes, extra_items, cutlery_needed, status, created_at) VALUES (23, '2026-02-24', 18, 3, 3, 4, 2, NULL, 'sefer_tasi', NULL, NULL, 0, 'ready', '2026-02-24 00:46:07');
INSERT INTO orders (id, date, customer_id, route_id, delivery_sequence, variety_count, portion_count, portion_detail, container_type, special_notes, extra_items, cutlery_needed, status, created_at) VALUES (24, '2026-02-24', 19, 3, 5, 5, 10, NULL, 'sefer_tasi', NULL, NULL, 0, 'ready', '2026-02-24 00:46:07');
INSERT INTO orders (id, date, customer_id, route_id, delivery_sequence, variety_count, portion_count, portion_detail, container_type, special_notes, extra_items, cutlery_needed, status, created_at) VALUES (25, '2026-02-24', 20, 3, 4, 4, 4, NULL, 'sefer_tasi', NULL, NULL, 0, 'ready', '2026-02-24 00:46:07');
INSERT INTO orders (id, date, customer_id, route_id, delivery_sequence, variety_count, portion_count, portion_detail, container_type, special_notes, extra_items, cutlery_needed, status, created_at) VALUES (26, '2026-02-24', 21, 3, 2, 5, 4, NULL, 'sefer_tasi', NULL, NULL, 0, 'ready', '2026-02-24 00:46:07');
INSERT INTO orders (id, date, customer_id, route_id, delivery_sequence, variety_count, portion_count, portion_detail, container_type, special_notes, extra_items, cutlery_needed, status, created_at) VALUES (27, '2026-02-24', 22, 3, 7, 4, 6, NULL, 'kuvet', NULL, NULL, 0, 'ready', '2026-02-24 00:46:07');
INSERT INTO orders (id, date, customer_id, route_id, delivery_sequence, variety_count, portion_count, portion_detail, container_type, special_notes, extra_items, cutlery_needed, status, created_at) VALUES (28, '2026-02-24', 23, 3, 6, 4, 3, NULL, 'sefer_tasi', NULL, NULL, 0, 'ready', '2026-02-24 00:46:07');
INSERT INTO orders (id, date, customer_id, route_id, delivery_sequence, variety_count, portion_count, portion_detail, container_type, special_notes, extra_items, cutlery_needed, status, created_at) VALUES (29, '2026-02-24', 25, 3, 8, 4, 5, NULL, 'sefer_tasi', NULL, NULL, 0, 'ready', '2026-02-24 00:46:07');
INSERT INTO orders (id, date, customer_id, route_id, delivery_sequence, variety_count, portion_count, portion_detail, container_type, special_notes, extra_items, cutlery_needed, status, created_at) VALUES (30, '2026-02-24', 27, 4, 4, 5, 11, NULL, 'kuvet', 'Nisa Derin Küvet - 14 çeşit 4 kişi olacak', NULL, 0, 'ready', '2026-02-24 00:46:07');
INSERT INTO orders (id, date, customer_id, route_id, delivery_sequence, variety_count, portion_count, portion_detail, container_type, special_notes, extra_items, cutlery_needed, status, created_at) VALUES (31, '2026-02-24', 28, 4, 5, 4, 9, NULL, 'tepsi', NULL, NULL, 0, 'ready', '2026-02-24 00:46:07');
INSERT INTO orders (id, date, customer_id, route_id, delivery_sequence, variety_count, portion_count, portion_detail, container_type, special_notes, extra_items, cutlery_needed, status, created_at) VALUES (32, '2026-02-24', 29, 4, 7, 5, 3, NULL, 'poset', NULL, NULL, 0, 'ready', '2026-02-24 00:46:07');
INSERT INTO orders (id, date, customer_id, route_id, delivery_sequence, variety_count, portion_count, portion_detail, container_type, special_notes, extra_items, cutlery_needed, status, created_at) VALUES (33, '2026-02-24', 30, 4, 3, 4, 10, NULL, 'kuvet', 'Ana yemek uzun küvet', NULL, 0, 'ready', '2026-02-24 00:46:07');
INSERT INTO orders (id, date, customer_id, route_id, delivery_sequence, variety_count, portion_count, portion_detail, container_type, special_notes, extra_items, cutlery_needed, status, created_at) VALUES (34, '2026-02-24', 31, 4, 6, 5, 20, NULL, 'sefer_tasi', 'Salata Bar', NULL, 0, 'ready', '2026-02-24 00:46:07');
INSERT INTO orders (id, date, customer_id, route_id, delivery_sequence, variety_count, portion_count, portion_detail, container_type, special_notes, extra_items, cutlery_needed, status, created_at) VALUES (35, '2026-02-24', 32, 4, 8, 4, 20, NULL, 'paket', NULL, NULL, 0, 'ready', '2026-02-24 00:46:07');
INSERT INTO orders (id, date, customer_id, route_id, delivery_sequence, variety_count, portion_count, portion_detail, container_type, special_notes, extra_items, cutlery_needed, status, created_at) VALUES (36, '2026-02-26', 33, NULL, NULL, 4, 70, NULL, 'sefer_tasi', '', NULL, 0, 'pending', '2026-02-24 01:11:54');
INSERT INTO orders (id, date, customer_id, route_id, delivery_sequence, variety_count, portion_count, portion_detail, container_type, special_notes, extra_items, cutlery_needed, status, created_at) VALUES (37, '2026-02-25', 1, NULL, NULL, 4, 20, NULL, 'sefer_tasi', 'Telegram bot siparisi - Vi Teknik', NULL, 0, 'pending', '2026-02-24 02:30:06');
INSERT INTO orders (id, date, customer_id, route_id, delivery_sequence, variety_count, portion_count, portion_detail, container_type, special_notes, extra_items, cutlery_needed, status, created_at) VALUES (38, '2026-02-25', 1, NULL, NULL, 4, 20, NULL, 'sefer_tasi', 'Telegram bot siparisi - Vi Teknik 2', NULL, 0, 'pending', '2026-02-24 02:30:15');
INSERT INTO orders (id, date, customer_id, route_id, delivery_sequence, variety_count, portion_count, portion_detail, container_type, special_notes, extra_items, cutlery_needed, status, created_at) VALUES (39, '2026-02-24', 35, 1, '', 4, 12, NULL, 'paket', 'Yeni musteri - ilk siparis, Telegram bot uzerinden', NULL, 0, 'ready', '2026-02-24 02:41:04');
INSERT INTO orders (id, date, customer_id, route_id, delivery_sequence, variety_count, portion_count, portion_detail, container_type, special_notes, extra_items, cutlery_needed, status, created_at) VALUES (40, '2026-02-28', 33, NULL, NULL, 4, 21, NULL, 'sefer_tasi', '', NULL, 0, 'pending', '2026-02-24 04:34:22');
INSERT INTO orders (id, date, customer_id, route_id, delivery_sequence, variety_count, portion_count, portion_detail, container_type, special_notes, extra_items, cutlery_needed, status, created_at) VALUES (41, '2026-03-01', 33, NULL, NULL, 4, 56, NULL, 'sefer_tasi', 'bol kepçe', NULL, 0, 'pending', '2026-02-24 04:48:28');
INSERT INTO orders (id, date, customer_id, route_id, delivery_sequence, variety_count, portion_count, portion_detail, container_type, special_notes, extra_items, cutlery_needed, status, created_at) VALUES (42, '2026-02-26', 36, NULL, NULL, 4, 20, NULL, 'sefer_tasi', '', NULL, 0, 'pending', '2026-02-24 12:55:24');
INSERT INTO orders (id, date, customer_id, route_id, delivery_sequence, variety_count, portion_count, portion_detail, container_type, special_notes, extra_items, cutlery_needed, status, created_at) VALUES (43, '2026-02-27', 36, NULL, NULL, 4, 20, NULL, 'sefer_tasi', '', NULL, 0, 'pending', '2026-02-24 12:55:24');
INSERT INTO orders (id, date, customer_id, route_id, delivery_sequence, variety_count, portion_count, portion_detail, container_type, special_notes, extra_items, cutlery_needed, status, created_at) VALUES (44, '2026-02-27', 36, NULL, NULL, 4, 20, NULL, 'sefer_tasi', 'bol kepçe', NULL, 0, 'pending', '2026-02-24 12:57:24');
INSERT INTO orders (id, date, customer_id, route_id, delivery_sequence, variety_count, portion_count, portion_detail, container_type, special_notes, extra_items, cutlery_needed, status, created_at) VALUES (45, '2026-02-26', 36, NULL, NULL, 4, 20, NULL, 'sefer_tasi', 'bol kepçe', NULL, 0, 'pending', '2026-02-24 12:57:24');

-- recipes (21 rows)
INSERT INTO recipes (id, menu_item_name, per_person_cost, instructions, created_at) VALUES (1, 'Ezogelin Çorbası', 3.5, 'Kırmızı mercimek, bulgur, soğan, domates salçası ile hazırlanır. 45 dk pişirilir.', '2026-02-24 00:56:02');
INSERT INTO recipes (id, menu_item_name, per_person_cost, instructions, created_at) VALUES (2, 'Mercimek Çorbası', 3.0, 'Kırmızı mercimek, soğan, havuç, patates ile hazırlanır. 40 dk pişirilir.', '2026-02-24 00:56:02');
INSERT INTO recipes (id, menu_item_name, per_person_cost, instructions, created_at) VALUES (3, 'Yayla Çorbası', 3.5, 'Yoğurt, pirinç, yumurta, un ile hazırlanır. Nane ile servis edilir.', '2026-02-24 00:56:02');
INSERT INTO recipes (id, menu_item_name, per_person_cost, instructions, created_at) VALUES (4, 'Tarhana Çorbası', 3.0, 'Tarhana tozu, domates salçası, tereyağı ile hazırlanır.', '2026-02-24 00:56:02');
INSERT INTO recipes (id, menu_item_name, per_person_cost, instructions, created_at) VALUES (5, 'Arpa Şehriye Çorbası', 3.0, 'Arpa şehriye, domates salçası, tereyağı ile hazırlanır.', '2026-02-24 00:56:02');
INSERT INTO recipes (id, menu_item_name, per_person_cost, instructions, created_at) VALUES (6, 'Mantar Çorbası', 4.0, 'Mantar, soğan, un, süt, krema ile hazırlanır.', '2026-02-24 00:56:02');
INSERT INTO recipes (id, menu_item_name, per_person_cost, instructions, created_at) VALUES (7, 'Etli Bezelye', 12.0, 'Kuşbaşı et, bezelye, soğan, domates salçası ile hazırlanır. 1.5 saat pişirilir.', '2026-02-24 00:56:02');
INSERT INTO recipes (id, menu_item_name, per_person_cost, instructions, created_at) VALUES (8, 'Karışık Izgara', 18.0, 'Köfte, tavuk kanat, pirzola ızgarada pişirilir.', '2026-02-24 00:56:02');
INSERT INTO recipes (id, menu_item_name, per_person_cost, instructions, created_at) VALUES (9, 'Kağıt Kebabı', 15.0, 'Kuşbaşı et, sebzeler kağıtta fırında pişirilir.', '2026-02-24 00:56:02');
INSERT INTO recipes (id, menu_item_name, per_person_cost, instructions, created_at) VALUES (10, 'Kıymalı Pide', 10.0, 'Kıyma, soğan, biber, domates ile hazırlanır. Fırında pişirilir.', '2026-02-24 00:56:02');
INSERT INTO recipes (id, menu_item_name, per_person_cost, instructions, created_at) VALUES (11, 'Rosto Köfte-Püre', 12.0, 'Köfte fırında soslu pişirilir, yanında patates püresi ile servis edilir.', '2026-02-24 00:56:02');
INSERT INTO recipes (id, menu_item_name, per_person_cost, instructions, created_at) VALUES (12, 'Tavuk Döner', 14.0, 'Marine edilmiş tavuk döner, lavaş ve sos ile servis edilir.', '2026-02-24 00:56:02');
INSERT INTO recipes (id, menu_item_name, per_person_cost, instructions, created_at) VALUES (13, 'Pilav', 4.0, 'Pirinç pilavı tereyağı ve şehriye ile hazırlanır.', '2026-02-24 00:56:02');
INSERT INTO recipes (id, menu_item_name, per_person_cost, instructions, created_at) VALUES (14, 'Makarna', 3.5, 'Makarna haşlanır, domates soslu veya tereyağlı servis edilir.', '2026-02-24 00:56:02');
INSERT INTO recipes (id, menu_item_name, per_person_cost, instructions, created_at) VALUES (15, 'Mısırlı Bulgur Pilavı', 4.0, 'Bulgur pilavı mısır ve tereyağı ile hazırlanır.', '2026-02-24 00:56:02');
INSERT INTO recipes (id, menu_item_name, per_person_cost, instructions, created_at) VALUES (16, 'Salata', 3.0, 'Mevsim salata: marul, domates, salatalık, soğan, nar ekşisi ile.', '2026-02-24 00:56:02');
INSERT INTO recipes (id, menu_item_name, per_person_cost, instructions, created_at) VALUES (17, 'Mor Sultan', 5.0, 'Bisküvi tabanı üzerine muhallebi ve çikolata ile hazırlanır.', '2026-02-24 00:56:02');
INSERT INTO recipes (id, menu_item_name, per_person_cost, instructions, created_at) VALUES (18, 'Sütlü Tatlı', 4.5, 'Muhallebi tarzı sütlü tatlı, nişasta ve süt ile hazırlanır.', '2026-02-24 00:56:02');
INSERT INTO recipes (id, menu_item_name, per_person_cost, instructions, created_at) VALUES (19, 'Yoğurt', 2.0, 'Yoğurt servis edilir.', '2026-02-24 00:56:02');
INSERT INTO recipes (id, menu_item_name, per_person_cost, instructions, created_at) VALUES (20, 'Ayran', 1.5, 'Yoğurt ve su ile hazırlanır.', '2026-02-24 00:56:02');
INSERT INTO recipes (id, menu_item_name, per_person_cost, instructions, created_at) VALUES (21, 'Cola', 2.5, 'Hazır içecek servis edilir.', '2026-02-24 00:56:02');

-- recipe_ingredients (90 rows)
INSERT INTO recipe_ingredients (id, recipe_id, ingredient_name, quantity_per_person, unit) VALUES (1, 1, 'Kirmizi Mercimek', 0.03, 'kg');
INSERT INTO recipe_ingredients (id, recipe_id, ingredient_name, quantity_per_person, unit) VALUES (2, 1, 'Bulgur', 0.015, 'kg');
INSERT INTO recipe_ingredients (id, recipe_id, ingredient_name, quantity_per_person, unit) VALUES (3, 1, 'Sogan', 0.02, 'kg');
INSERT INTO recipe_ingredients (id, recipe_id, ingredient_name, quantity_per_person, unit) VALUES (4, 1, 'Domates Salcasi', 0.005, 'kg');
INSERT INTO recipe_ingredients (id, recipe_id, ingredient_name, quantity_per_person, unit) VALUES (5, 1, 'Tereyagi', 0.005, 'kg');
INSERT INTO recipe_ingredients (id, recipe_id, ingredient_name, quantity_per_person, unit) VALUES (6, 1, 'Un', 0.005, 'kg');
INSERT INTO recipe_ingredients (id, recipe_id, ingredient_name, quantity_per_person, unit) VALUES (7, 2, 'Kirmizi Mercimek', 0.04, 'kg');
INSERT INTO recipe_ingredients (id, recipe_id, ingredient_name, quantity_per_person, unit) VALUES (8, 2, 'Sogan', 0.02, 'kg');
INSERT INTO recipe_ingredients (id, recipe_id, ingredient_name, quantity_per_person, unit) VALUES (9, 2, 'Havuc', 0.015, 'kg');
INSERT INTO recipe_ingredients (id, recipe_id, ingredient_name, quantity_per_person, unit) VALUES (10, 2, 'Patates', 0.02, 'kg');
INSERT INTO recipe_ingredients (id, recipe_id, ingredient_name, quantity_per_person, unit) VALUES (11, 2, 'Tereyagi', 0.005, 'kg');
INSERT INTO recipe_ingredients (id, recipe_id, ingredient_name, quantity_per_person, unit) VALUES (12, 3, 'Yogurt', 0.05, 'kg');
INSERT INTO recipe_ingredients (id, recipe_id, ingredient_name, quantity_per_person, unit) VALUES (13, 3, 'Pirinc', 0.02, 'kg');
INSERT INTO recipe_ingredients (id, recipe_id, ingredient_name, quantity_per_person, unit) VALUES (14, 3, 'Yumurta', 0.1, 'adet');
INSERT INTO recipe_ingredients (id, recipe_id, ingredient_name, quantity_per_person, unit) VALUES (15, 3, 'Un', 0.01, 'kg');
INSERT INTO recipe_ingredients (id, recipe_id, ingredient_name, quantity_per_person, unit) VALUES (16, 3, 'Nane', 0.002, 'kg');
INSERT INTO recipe_ingredients (id, recipe_id, ingredient_name, quantity_per_person, unit) VALUES (17, 3, 'Tereyagi', 0.005, 'kg');
INSERT INTO recipe_ingredients (id, recipe_id, ingredient_name, quantity_per_person, unit) VALUES (18, 4, 'Tarhana', 0.03, 'kg');
INSERT INTO recipe_ingredients (id, recipe_id, ingredient_name, quantity_per_person, unit) VALUES (19, 4, 'Domates Salcasi', 0.005, 'kg');
INSERT INTO recipe_ingredients (id, recipe_id, ingredient_name, quantity_per_person, unit) VALUES (20, 4, 'Tereyagi', 0.005, 'kg');
INSERT INTO recipe_ingredients (id, recipe_id, ingredient_name, quantity_per_person, unit) VALUES (21, 5, 'Arpa Sehriye', 0.025, 'kg');
INSERT INTO recipe_ingredients (id, recipe_id, ingredient_name, quantity_per_person, unit) VALUES (22, 5, 'Domates Salcasi', 0.005, 'kg');
INSERT INTO recipe_ingredients (id, recipe_id, ingredient_name, quantity_per_person, unit) VALUES (23, 5, 'Tereyagi', 0.005, 'kg');
INSERT INTO recipe_ingredients (id, recipe_id, ingredient_name, quantity_per_person, unit) VALUES (24, 5, 'Sogan', 0.015, 'kg');
INSERT INTO recipe_ingredients (id, recipe_id, ingredient_name, quantity_per_person, unit) VALUES (25, 6, 'Mantar', 0.04, 'kg');
INSERT INTO recipe_ingredients (id, recipe_id, ingredient_name, quantity_per_person, unit) VALUES (26, 6, 'Sogan', 0.02, 'kg');
INSERT INTO recipe_ingredients (id, recipe_id, ingredient_name, quantity_per_person, unit) VALUES (27, 6, 'Un', 0.01, 'kg');
INSERT INTO recipe_ingredients (id, recipe_id, ingredient_name, quantity_per_person, unit) VALUES (28, 6, 'Sut', 0.03, 'lt');
INSERT INTO recipe_ingredients (id, recipe_id, ingredient_name, quantity_per_person, unit) VALUES (29, 6, 'Krema', 0.01, 'lt');
INSERT INTO recipe_ingredients (id, recipe_id, ingredient_name, quantity_per_person, unit) VALUES (30, 6, 'Tereyagi', 0.005, 'kg');
INSERT INTO recipe_ingredients (id, recipe_id, ingredient_name, quantity_per_person, unit) VALUES (31, 7, 'Kusbasi Et', 0.08, 'kg');
INSERT INTO recipe_ingredients (id, recipe_id, ingredient_name, quantity_per_person, unit) VALUES (32, 7, 'Bezelye', 0.06, 'kg');
INSERT INTO recipe_ingredients (id, recipe_id, ingredient_name, quantity_per_person, unit) VALUES (33, 7, 'Sogan', 0.03, 'kg');
INSERT INTO recipe_ingredients (id, recipe_id, ingredient_name, quantity_per_person, unit) VALUES (34, 7, 'Domates Salcasi', 0.01, 'kg');
INSERT INTO recipe_ingredients (id, recipe_id, ingredient_name, quantity_per_person, unit) VALUES (35, 7, 'Sivi Yag', 0.01, 'lt');
INSERT INTO recipe_ingredients (id, recipe_id, ingredient_name, quantity_per_person, unit) VALUES (36, 8, 'Kiyma', 0.06, 'kg');
INSERT INTO recipe_ingredients (id, recipe_id, ingredient_name, quantity_per_person, unit) VALUES (37, 8, 'Tavuk Kanat', 0.08, 'kg');
INSERT INTO recipe_ingredients (id, recipe_id, ingredient_name, quantity_per_person, unit) VALUES (38, 8, 'Pirzola', 0.05, 'kg');
INSERT INTO recipe_ingredients (id, recipe_id, ingredient_name, quantity_per_person, unit) VALUES (39, 8, 'Sogan', 0.02, 'kg');
INSERT INTO recipe_ingredients (id, recipe_id, ingredient_name, quantity_per_person, unit) VALUES (40, 9, 'Kusbasi Et', 0.1, 'kg');
INSERT INTO recipe_ingredients (id, recipe_id, ingredient_name, quantity_per_person, unit) VALUES (41, 9, 'Biber', 0.03, 'kg');
INSERT INTO recipe_ingredients (id, recipe_id, ingredient_name, quantity_per_person, unit) VALUES (42, 9, 'Domates', 0.03, 'kg');
INSERT INTO recipe_ingredients (id, recipe_id, ingredient_name, quantity_per_person, unit) VALUES (43, 9, 'Sogan', 0.02, 'kg');
INSERT INTO recipe_ingredients (id, recipe_id, ingredient_name, quantity_per_person, unit) VALUES (44, 9, 'Tereyagi', 0.01, 'kg');
INSERT INTO recipe_ingredients (id, recipe_id, ingredient_name, quantity_per_person, unit) VALUES (45, 10, 'Kiyma', 0.08, 'kg');
INSERT INTO recipe_ingredients (id, recipe_id, ingredient_name, quantity_per_person, unit) VALUES (46, 10, 'Sogan', 0.03, 'kg');
INSERT INTO recipe_ingredients (id, recipe_id, ingredient_name, quantity_per_person, unit) VALUES (47, 10, 'Biber', 0.02, 'kg');
INSERT INTO recipe_ingredients (id, recipe_id, ingredient_name, quantity_per_person, unit) VALUES (48, 10, 'Domates', 0.02, 'kg');
INSERT INTO recipe_ingredients (id, recipe_id, ingredient_name, quantity_per_person, unit) VALUES (49, 10, 'Un', 0.1, 'kg');
INSERT INTO recipe_ingredients (id, recipe_id, ingredient_name, quantity_per_person, unit) VALUES (50, 10, 'Maya', 0.003, 'kg');
INSERT INTO recipe_ingredients (id, recipe_id, ingredient_name, quantity_per_person, unit) VALUES (51, 11, 'Kiyma', 0.08, 'kg');
INSERT INTO recipe_ingredients (id, recipe_id, ingredient_name, quantity_per_person, unit) VALUES (52, 11, 'Sogan', 0.02, 'kg');
INSERT INTO recipe_ingredients (id, recipe_id, ingredient_name, quantity_per_person, unit) VALUES (53, 11, 'Ekmek Ici', 0.02, 'kg');
INSERT INTO recipe_ingredients (id, recipe_id, ingredient_name, quantity_per_person, unit) VALUES (54, 11, 'Patates', 0.1, 'kg');
INSERT INTO recipe_ingredients (id, recipe_id, ingredient_name, quantity_per_person, unit) VALUES (55, 11, 'Sut', 0.02, 'lt');
INSERT INTO recipe_ingredients (id, recipe_id, ingredient_name, quantity_per_person, unit) VALUES (56, 11, 'Tereyagi', 0.01, 'kg');
INSERT INTO recipe_ingredients (id, recipe_id, ingredient_name, quantity_per_person, unit) VALUES (57, 11, 'Domates Salcasi', 0.01, 'kg');
INSERT INTO recipe_ingredients (id, recipe_id, ingredient_name, quantity_per_person, unit) VALUES (58, 12, 'Tavuk Eti', 0.12, 'kg');
INSERT INTO recipe_ingredients (id, recipe_id, ingredient_name, quantity_per_person, unit) VALUES (59, 12, 'Lavas', 0.05, 'kg');
INSERT INTO recipe_ingredients (id, recipe_id, ingredient_name, quantity_per_person, unit) VALUES (60, 12, 'Domates', 0.02, 'kg');
INSERT INTO recipe_ingredients (id, recipe_id, ingredient_name, quantity_per_person, unit) VALUES (61, 12, 'Sogan', 0.015, 'kg');
INSERT INTO recipe_ingredients (id, recipe_id, ingredient_name, quantity_per_person, unit) VALUES (62, 12, 'Sivi Yag', 0.01, 'lt');
INSERT INTO recipe_ingredients (id, recipe_id, ingredient_name, quantity_per_person, unit) VALUES (63, 13, 'Pirinc', 0.06, 'kg');
INSERT INTO recipe_ingredients (id, recipe_id, ingredient_name, quantity_per_person, unit) VALUES (64, 13, 'Tereyagi', 0.01, 'kg');
INSERT INTO recipe_ingredients (id, recipe_id, ingredient_name, quantity_per_person, unit) VALUES (65, 13, 'Tel Sehriye', 0.005, 'kg');
INSERT INTO recipe_ingredients (id, recipe_id, ingredient_name, quantity_per_person, unit) VALUES (66, 14, 'Makarna', 0.08, 'kg');
INSERT INTO recipe_ingredients (id, recipe_id, ingredient_name, quantity_per_person, unit) VALUES (67, 14, 'Domates Salcasi', 0.01, 'kg');
INSERT INTO recipe_ingredients (id, recipe_id, ingredient_name, quantity_per_person, unit) VALUES (68, 14, 'Sivi Yag', 0.01, 'lt');
INSERT INTO recipe_ingredients (id, recipe_id, ingredient_name, quantity_per_person, unit) VALUES (69, 15, 'Bulgur', 0.06, 'kg');
INSERT INTO recipe_ingredients (id, recipe_id, ingredient_name, quantity_per_person, unit) VALUES (70, 15, 'Misir', 0.02, 'kg');
INSERT INTO recipe_ingredients (id, recipe_id, ingredient_name, quantity_per_person, unit) VALUES (71, 15, 'Tereyagi', 0.01, 'kg');
INSERT INTO recipe_ingredients (id, recipe_id, ingredient_name, quantity_per_person, unit) VALUES (72, 15, 'Sogan', 0.015, 'kg');
INSERT INTO recipe_ingredients (id, recipe_id, ingredient_name, quantity_per_person, unit) VALUES (73, 16, 'Marul', 0.03, 'kg');
INSERT INTO recipe_ingredients (id, recipe_id, ingredient_name, quantity_per_person, unit) VALUES (74, 16, 'Domates', 0.03, 'kg');
INSERT INTO recipe_ingredients (id, recipe_id, ingredient_name, quantity_per_person, unit) VALUES (75, 16, 'Salatalik', 0.025, 'kg');
INSERT INTO recipe_ingredients (id, recipe_id, ingredient_name, quantity_per_person, unit) VALUES (76, 16, 'Sogan', 0.01, 'kg');
INSERT INTO recipe_ingredients (id, recipe_id, ingredient_name, quantity_per_person, unit) VALUES (77, 16, 'Nar Eksisi', 0.005, 'lt');
INSERT INTO recipe_ingredients (id, recipe_id, ingredient_name, quantity_per_person, unit) VALUES (78, 17, 'Biskuvi', 0.03, 'kg');
INSERT INTO recipe_ingredients (id, recipe_id, ingredient_name, quantity_per_person, unit) VALUES (79, 17, 'Sut', 0.05, 'lt');
INSERT INTO recipe_ingredients (id, recipe_id, ingredient_name, quantity_per_person, unit) VALUES (80, 17, 'Nisasta', 0.01, 'kg');
INSERT INTO recipe_ingredients (id, recipe_id, ingredient_name, quantity_per_person, unit) VALUES (81, 17, 'Cikolata', 0.015, 'kg');
INSERT INTO recipe_ingredients (id, recipe_id, ingredient_name, quantity_per_person, unit) VALUES (82, 17, 'Seker', 0.02, 'kg');
INSERT INTO recipe_ingredients (id, recipe_id, ingredient_name, quantity_per_person, unit) VALUES (83, 18, 'Sut', 0.08, 'lt');
INSERT INTO recipe_ingredients (id, recipe_id, ingredient_name, quantity_per_person, unit) VALUES (84, 18, 'Nisasta', 0.015, 'kg');
INSERT INTO recipe_ingredients (id, recipe_id, ingredient_name, quantity_per_person, unit) VALUES (85, 18, 'Seker', 0.025, 'kg');
INSERT INTO recipe_ingredients (id, recipe_id, ingredient_name, quantity_per_person, unit) VALUES (86, 18, 'Vanilya', 0.001, 'kg');
INSERT INTO recipe_ingredients (id, recipe_id, ingredient_name, quantity_per_person, unit) VALUES (87, 19, 'Yogurt', 0.1, 'kg');
INSERT INTO recipe_ingredients (id, recipe_id, ingredient_name, quantity_per_person, unit) VALUES (88, 20, 'Yogurt', 0.06, 'kg');
INSERT INTO recipe_ingredients (id, recipe_id, ingredient_name, quantity_per_person, unit) VALUES (89, 20, 'Su', 0.15, 'lt');
INSERT INTO recipe_ingredients (id, recipe_id, ingredient_name, quantity_per_person, unit) VALUES (90, 21, 'Cola', 1.0, 'adet');

-- inventory (44 rows)
INSERT INTO inventory (id, ingredient_name, current_stock, unit, min_stock_level, updated_at) VALUES (2, 'Kirmizi Mercimek', 50.0, 'kg', 20.0, '2026-02-24 00:56:59');
INSERT INTO inventory (id, ingredient_name, current_stock, unit, min_stock_level, updated_at) VALUES (3, 'Bulgur', 40.0, 'kg', 15.0, '2026-02-24 00:56:59');
INSERT INTO inventory (id, ingredient_name, current_stock, unit, min_stock_level, updated_at) VALUES (4, 'Sogan', 70.52, 'kg', 30.0, '2026-02-24 12:50:33');
INSERT INTO inventory (id, ingredient_name, current_stock, unit, min_stock_level, updated_at) VALUES (5, 'Domates Salcasi', 10.520000000000001, 'kg', 10.0, '2026-02-24 12:50:33');
INSERT INTO inventory (id, ingredient_name, current_stock, unit, min_stock_level, updated_at) VALUES (6, 'Tereyagi', 17.89, 'kg', 5.0, '2026-02-24 12:50:33');
INSERT INTO inventory (id, ingredient_name, current_stock, unit, min_stock_level, updated_at) VALUES (7, 'Un', 25.26, 'kg', 10.0, '2026-02-24 12:50:33');
INSERT INTO inventory (id, ingredient_name, current_stock, unit, min_stock_level, updated_at) VALUES (8, 'Havuc', 20.0, 'kg', 10.0, '2026-02-24 00:56:59');
INSERT INTO inventory (id, ingredient_name, current_stock, unit, min_stock_level, updated_at) VALUES (9, 'Patates', 2.599999999999998, 'kg', 20.0, '2026-02-24 12:50:33');
INSERT INTO inventory (id, ingredient_name, current_stock, unit, min_stock_level, updated_at) VALUES (10, 'Yogurt', 36.300000000000004, 'kg', 25.0, '2026-02-24 12:50:33');
INSERT INTO inventory (id, ingredient_name, current_stock, unit, min_stock_level, updated_at) VALUES (11, 'Pirinc', 60.519999999999996, 'kg', 15.0, '2026-02-24 12:50:33');
INSERT INTO inventory (id, ingredient_name, current_stock, unit, min_stock_level, updated_at) VALUES (12, 'Yumurta', 152.6, 'adet', 50.0, '2026-02-24 12:50:33');
INSERT INTO inventory (id, ingredient_name, current_stock, unit, min_stock_level, updated_at) VALUES (13, 'Nane', 1.052, 'kg', 1.0, '2026-02-24 12:50:33');
INSERT INTO inventory (id, ingredient_name, current_stock, unit, min_stock_level, updated_at) VALUES (14, 'Tarhana', 15.0, 'kg', 5.0, '2026-02-24 00:56:59');
INSERT INTO inventory (id, ingredient_name, current_stock, unit, min_stock_level, updated_at) VALUES (15, 'Arpa Sehriye', 10.0, 'kg', 5.0, '2026-02-24 00:56:59');
INSERT INTO inventory (id, ingredient_name, current_stock, unit, min_stock_level, updated_at) VALUES (16, 'Mantar', 15.0, 'kg', 5.0, '2026-02-24 00:56:59');
INSERT INTO inventory (id, ingredient_name, current_stock, unit, min_stock_level, updated_at) VALUES (17, 'Sut', 2.6000000000000014, 'lt', 20.0, '2026-02-24 12:50:33');
INSERT INTO inventory (id, ingredient_name, current_stock, unit, min_stock_level, updated_at) VALUES (18, 'Krema', 5.0, 'lt', 2.0, '2026-02-24 00:56:59');
INSERT INTO inventory (id, ingredient_name, current_stock, unit, min_stock_level, updated_at) VALUES (19, 'Kusbasi Et', 30.0, 'kg', 10.0, '2026-02-24 00:56:59');
INSERT INTO inventory (id, ingredient_name, current_stock, unit, min_stock_level, updated_at) VALUES (20, 'Bezelye', 45.0, 'kg', 10.0, '2026-02-24 02:29:03');
INSERT INTO inventory (id, ingredient_name, current_stock, unit, min_stock_level, updated_at) VALUES (21, 'Sivi Yag', 25.26, 'lt', 10.0, '2026-02-24 12:50:33');
INSERT INTO inventory (id, ingredient_name, current_stock, unit, min_stock_level, updated_at) VALUES (22, 'Kiyma', 52.08, 'kg', 15.0, '2026-02-24 12:50:33');
INSERT INTO inventory (id, ingredient_name, current_stock, unit, min_stock_level, updated_at) VALUES (23, 'Tavuk Kanat', 20.0, 'kg', 10.0, '2026-02-24 00:56:59');
INSERT INTO inventory (id, ingredient_name, current_stock, unit, min_stock_level, updated_at) VALUES (24, 'Pirzola', 15.0, 'kg', 5.0, '2026-02-24 00:56:59');
INSERT INTO inventory (id, ingredient_name, current_stock, unit, min_stock_level, updated_at) VALUES (25, 'Biber', 15.0, 'kg', 5.0, '2026-02-24 00:56:59');
INSERT INTO inventory (id, ingredient_name, current_stock, unit, min_stock_level, updated_at) VALUES (26, 'Domates', 30.0, 'kg', 15.0, '2026-02-24 00:56:59');
INSERT INTO inventory (id, ingredient_name, current_stock, unit, min_stock_level, updated_at) VALUES (27, 'Maya', 3.0, 'kg', 1.0, '2026-02-24 00:56:59');
INSERT INTO inventory (id, ingredient_name, current_stock, unit, min_stock_level, updated_at) VALUES (28, 'Ekmek Ici', 0.5199999999999996, 'kg', 5.0, '2026-02-24 12:50:33');
INSERT INTO inventory (id, ingredient_name, current_stock, unit, min_stock_level, updated_at) VALUES (29, 'Tavuk Eti', 30.0, 'kg', 10.0, '2026-02-24 00:56:59');
INSERT INTO inventory (id, ingredient_name, current_stock, unit, min_stock_level, updated_at) VALUES (30, 'Lavas', 15.0, 'kg', 5.0, '2026-02-24 00:56:59');
INSERT INTO inventory (id, ingredient_name, current_stock, unit, min_stock_level, updated_at) VALUES (31, 'Tel Sehriye', 5.0, 'kg', 2.0, '2026-02-24 00:56:59');
INSERT INTO inventory (id, ingredient_name, current_stock, unit, min_stock_level, updated_at) VALUES (32, 'Makarna', 0.0, 'kg', 10.0, '2026-02-24 12:50:33');
INSERT INTO inventory (id, ingredient_name, current_stock, unit, min_stock_level, updated_at) VALUES (33, 'Misir', 10.0, 'kg', 5.0, '2026-02-24 00:56:59');
INSERT INTO inventory (id, ingredient_name, current_stock, unit, min_stock_level, updated_at) VALUES (34, 'Marul', 15.0, 'kg', 5.0, '2026-02-24 00:56:59');
INSERT INTO inventory (id, ingredient_name, current_stock, unit, min_stock_level, updated_at) VALUES (35, 'Salatalik', 15.0, 'kg', 5.0, '2026-02-24 00:56:59');
INSERT INTO inventory (id, ingredient_name, current_stock, unit, min_stock_level, updated_at) VALUES (36, 'Nar Eksisi', 3.0, 'lt', 1.0, '2026-02-24 00:56:59');
INSERT INTO inventory (id, ingredient_name, current_stock, unit, min_stock_level, updated_at) VALUES (37, 'Biskuvi', 10.0, 'kg', 5.0, '2026-02-24 00:56:59');
INSERT INTO inventory (id, ingredient_name, current_stock, unit, min_stock_level, updated_at) VALUES (38, 'Nisasta', 0.8900000000000001, 'kg', 3.0, '2026-02-24 12:50:33');
INSERT INTO inventory (id, ingredient_name, current_stock, unit, min_stock_level, updated_at) VALUES (39, 'Cikolata', 5.0, 'kg', 2.0, '2026-02-24 00:56:59');
INSERT INTO inventory (id, ingredient_name, current_stock, unit, min_stock_level, updated_at) VALUES (40, 'Seker', 8.149999999999999, 'kg', 10.0, '2026-02-24 12:50:33');
INSERT INTO inventory (id, ingredient_name, current_stock, unit, min_stock_level, updated_at) VALUES (41, 'Vanilya', 0.526, 'kg', 0.5, '2026-02-24 12:50:33');
INSERT INTO inventory (id, ingredient_name, current_stock, unit, min_stock_level, updated_at) VALUES (42, 'Su', 100.0, 'lt', 50.0, '2026-02-24 00:56:59');
INSERT INTO inventory (id, ingredient_name, current_stock, unit, min_stock_level, updated_at) VALUES (43, 'Cola', 300.0, 'adet', 100.0, '2026-02-24 00:56:59');
INSERT INTO inventory (id, ingredient_name, current_stock, unit, min_stock_level, updated_at) VALUES (44, 'bugday', 50.0, 'kg', 0.0, '2026-02-24 01:06:40');
INSERT INTO inventory (id, ingredient_name, current_stock, unit, min_stock_level, updated_at) VALUES (47, 'KIYMA', 12.0, 'kg', 0.0, '2026-02-24 04:47:33');

-- suppliers (4 rows)
INSERT INTO suppliers (id, name, contact_name, phone, address, category, is_active, created_at) VALUES (1, 'Ankara Et', 'Mehmet Bey', '05559876543', NULL, 'et', 1, '2026-02-23 21:35:40');
INSERT INTO suppliers (id, name, contact_name, phone, address, category, is_active, created_at) VALUES (2, 'Taze Sebze Market', 'Ali Bey', '05559876544', NULL, 'sebze', 1, '2026-02-23 21:35:40');
INSERT INTO suppliers (id, name, contact_name, phone, address, category, is_active, created_at) VALUES (3, 'Baklagil A.Ş.', 'Ayşe Hanım', '05559876545', NULL, 'kurubaklagil', 1, '2026-02-23 21:35:40');
INSERT INTO suppliers (id, name, contact_name, phone, address, category, is_active, created_at) VALUES (4, 'Metro Grossmarket', 'Ahmet Bey', '05559876550', NULL, 'genel', 1, '2026-02-24 02:27:04');

-- purchases (8 rows)
INSERT INTO purchases (id, supplier_id, date, total_amount, status, inspected_by, inspection_notes, created_at) VALUES (1, 1, '2026-02-24', 0.0, 'inspected', 'Diyetisyen', '', '2026-02-23 23:15:00');
INSERT INTO purchases (id, supplier_id, date, total_amount, status, inspected_by, inspection_notes, created_at) VALUES (2, 3, '2026-02-24', 0.0, 'inspected', 'Diyetisyen', '', '2026-02-24 01:05:53');
INSERT INTO purchases (id, supplier_id, date, total_amount, status, inspected_by, inspection_notes, created_at) VALUES (3, 2, '2026-02-24', 0.0, 'inspected', 'Diyetisyen', '', '2026-02-24 01:07:15');
INSERT INTO purchases (id, supplier_id, date, total_amount, status, inspected_by, inspection_notes, created_at) VALUES (4, 2, '2026-02-24', 0.0, 'pending', NULL, NULL, '2026-02-24 01:09:34');
INSERT INTO purchases (id, supplier_id, date, total_amount, status, inspected_by, inspection_notes, created_at) VALUES (5, 4, '2026-02-24', 8750.0, 'inspected', 'Diyetisyen Ayse', '4 kalem kabul, 1 kalem kalite sorunu nedeniyle reddedildi.', '2026-02-24 02:27:27');
INSERT INTO purchases (id, supplier_id, date, total_amount, status, inspected_by, inspection_notes, created_at) VALUES (6, 1, '2026-02-24', 500.0, 'inspected', 'Test', 'Test', '2026-02-24 02:43:35');
INSERT INTO purchases (id, supplier_id, date, total_amount, status, inspected_by, inspection_notes, created_at) VALUES (9, 4, '2026-02-24', 0.0, 'pending', NULL, NULL, '2026-02-24 04:46:46');
INSERT INTO purchases (id, supplier_id, date, total_amount, status, inspected_by, inspection_notes, created_at) VALUES (10, 4, '2026-02-24', 0.0, 'inspected', 'Diyetisyen', '', '2026-02-24 04:46:46');

-- purchase_items (13 rows)
INSERT INTO purchase_items (id, purchase_id, ingredient_name, quantity, unit, unit_price, total_price, is_accepted, rejection_reason) VALUES (1, 1, 'et', 10.0, 'kg', 900.0, 9000.0, 1, '');
INSERT INTO purchase_items (id, purchase_id, ingredient_name, quantity, unit, unit_price, total_price, is_accepted, rejection_reason) VALUES (2, 2, 'bugday', 50.0, 'kg', 200.0, 10000.0, 1, '');
INSERT INTO purchase_items (id, purchase_id, ingredient_name, quantity, unit, unit_price, total_price, is_accepted, rejection_reason) VALUES (3, 3, 'maydonoz', 15.0, 'adet', 15.0, 225.0, NULL, NULL);
INSERT INTO purchase_items (id, purchase_id, ingredient_name, quantity, unit, unit_price, total_price, is_accepted, rejection_reason) VALUES (4, 3, 'maydonoz', 15.0, 'kg', 15.0, 225.0, NULL, NULL);
INSERT INTO purchase_items (id, purchase_id, ingredient_name, quantity, unit, unit_price, total_price, is_accepted, rejection_reason) VALUES (5, 4, 'domates', 40.0, 'kg', 70.0, 2800.0, 1, '');
INSERT INTO purchase_items (id, purchase_id, ingredient_name, quantity, unit, unit_price, total_price, is_accepted, rejection_reason) VALUES (6, 5, 'Kiyma', 50.0, 'kg', 85.0, 4250.0, 1, '');
INSERT INTO purchase_items (id, purchase_id, ingredient_name, quantity, unit, unit_price, total_price, is_accepted, rejection_reason) VALUES (7, 5, 'Pirinc', 30.0, 'kg', 35.0, 1050.0, 1, '');
INSERT INTO purchase_items (id, purchase_id, ingredient_name, quantity, unit, unit_price, total_price, is_accepted, rejection_reason) VALUES (8, 5, 'Bezelye', 25.0, 'kg', 28.0, 700.0, 1, '');
INSERT INTO purchase_items (id, purchase_id, ingredient_name, quantity, unit, unit_price, total_price, is_accepted, rejection_reason) VALUES (9, 5, 'Domates', 40.0, 'kg', 15.0, 600.0, 0, 'Kalite sorunu - ezik ve curuk');
INSERT INTO purchase_items (id, purchase_id, ingredient_name, quantity, unit, unit_price, total_price, is_accepted, rejection_reason) VALUES (10, 5, 'Tereyagi', 10.0, 'kg', 215.0, 2150.0, 1, '');
INSERT INTO purchase_items (id, purchase_id, ingredient_name, quantity, unit, unit_price, total_price, is_accepted, rejection_reason) VALUES (12, 6, 'TEST_ITEM_A', 10.0, 'kg', 25.0, 250.0, 1, '');
INSERT INTO purchase_items (id, purchase_id, ingredient_name, quantity, unit, unit_price, total_price, is_accepted, rejection_reason) VALUES (13, 6, 'TEST_ITEM_B', 10.0, 'kg', 25.0, 250.0, 1, '');
INSERT INTO purchase_items (id, purchase_id, ingredient_name, quantity, unit, unit_price, total_price, is_accepted, rejection_reason) VALUES (16, 10, 'KIYMA', 12.0, 'kg', 1000.0, 12000.0, 1, '');

-- transactions (3 rows)
INSERT INTO transactions (id, type, category, description, amount, date, invoice_id, purchase_id, created_at) VALUES (1, 'expense', 'malzeme', 'Satınalma #5 - Metro Grossmarket', 8150.0, '2026-02-24', NULL, 5, '2026-02-24 02:29:03');
INSERT INTO transactions (id, type, category, description, amount, date, invoice_id, purchase_id, created_at) VALUES (2, 'expense', 'malzeme', 'Satınalma #6 - Ankara Et', 500.0, '2026-02-24', NULL, 6, '2026-02-24 02:43:36');
INSERT INTO transactions (id, type, category, description, amount, date, invoice_id, purchase_id, created_at) VALUES (3, 'expense', 'malzeme', 'Satınalma #10 - Metro Grossmarket', 12000.0, '2026-02-24', NULL, 10, '2026-02-24 04:47:33');

-- delivery_confirmations (5 rows)
INSERT INTO delivery_confirmations (id, order_id, route_id, driver_id, delivered_at, notes) VALUES (1, 2, 1, 1, '2026-02-24T05:40:20.413980', '');
INSERT INTO delivery_confirmations (id, order_id, route_id, driver_id, delivered_at, notes) VALUES (2, 17, 2, 1, '2026-02-24T07:29:29.894640', '');
INSERT INTO delivery_confirmations (id, order_id, route_id, driver_id, delivered_at, notes) VALUES (3, 12, 1, 4, '2026-02-24T07:43:19.461116', '');
INSERT INTO delivery_confirmations (id, order_id, route_id, driver_id, delivered_at, notes) VALUES (4, 13, 1, 4, '2026-02-24T15:23:48.845352', '');
INSERT INTO delivery_confirmations (id, order_id, route_id, driver_id, delivered_at, notes) VALUES (5, 4, 1, 4, '2026-02-24T15:25:19.824747', '');

-- inventory_transactions (26 rows)
INSERT INTO inventory_transactions (id, inventory_id, type, quantity, source, reference_id, notes, created_at) VALUES (1, 44, 'in', 50.0, 'purchase', 2, 'Satınalma #2', '2026-02-24 01:06:40');
INSERT INTO inventory_transactions (id, inventory_id, type, quantity, source, reference_id, notes, created_at) VALUES (2, 22, 'in', 50.0, 'purchase', 5, 'Satınalma #5', '2026-02-24 02:29:03');
INSERT INTO inventory_transactions (id, inventory_id, type, quantity, source, reference_id, notes, created_at) VALUES (3, 11, 'in', 30.0, 'purchase', 5, 'Satınalma #5', '2026-02-24 02:29:03');
INSERT INTO inventory_transactions (id, inventory_id, type, quantity, source, reference_id, notes, created_at) VALUES (4, 20, 'in', 25.0, 'purchase', 5, 'Satınalma #5', '2026-02-24 02:29:03');
INSERT INTO inventory_transactions (id, inventory_id, type, quantity, source, reference_id, notes, created_at) VALUES (5, 6, 'in', 10.0, 'purchase', 5, 'Satınalma #5', '2026-02-24 02:29:03');
INSERT INTO inventory_transactions (id, inventory_id, type, quantity, source, reference_id, notes, created_at) VALUES (28, 47, 'in', 12.0, 'purchase', 10, 'Satınalma #10', '2026-02-24 04:47:33');
INSERT INTO inventory_transactions (id, inventory_id, type, quantity, source, reference_id, notes, created_at) VALUES (29, 13, 'out', 0.486, 'production', NULL, 'Üretim 2026-02-24 - Yayla Çorbası', '2026-02-24 12:50:33');
INSERT INTO inventory_transactions (id, inventory_id, type, quantity, source, reference_id, notes, created_at) VALUES (30, 11, 'out', 4.86, 'production', NULL, 'Üretim 2026-02-24 - Yayla Çorbası', '2026-02-24 12:50:33');
INSERT INTO inventory_transactions (id, inventory_id, type, quantity, source, reference_id, notes, created_at) VALUES (31, 6, 'out', 1.215, 'production', NULL, 'Üretim 2026-02-24 - Yayla Çorbası', '2026-02-24 12:50:33');
INSERT INTO inventory_transactions (id, inventory_id, type, quantity, source, reference_id, notes, created_at) VALUES (32, 7, 'out', 2.43, 'production', NULL, 'Üretim 2026-02-24 - Yayla Çorbası', '2026-02-24 12:50:33');
INSERT INTO inventory_transactions (id, inventory_id, type, quantity, source, reference_id, notes, created_at) VALUES (33, 10, 'out', 12.15, 'production', NULL, 'Üretim 2026-02-24 - Yayla Çorbası', '2026-02-24 12:50:33');
INSERT INTO inventory_transactions (id, inventory_id, type, quantity, source, reference_id, notes, created_at) VALUES (34, 12, 'out', 24.3, 'production', NULL, 'Üretim 2026-02-24 - Yayla Çorbası', '2026-02-24 12:50:33');
INSERT INTO inventory_transactions (id, inventory_id, type, quantity, source, reference_id, notes, created_at) VALUES (35, 5, 'out', 2.43, 'production', NULL, 'Üretim 2026-02-24 - Rosto Köfte-Püre', '2026-02-24 12:50:33');
INSERT INTO inventory_transactions (id, inventory_id, type, quantity, source, reference_id, notes, created_at) VALUES (36, 28, 'out', 4.86, 'production', NULL, 'Üretim 2026-02-24 - Rosto Köfte-Püre', '2026-02-24 12:50:33');
INSERT INTO inventory_transactions (id, inventory_id, type, quantity, source, reference_id, notes, created_at) VALUES (37, 22, 'out', 19.44, 'production', NULL, 'Üretim 2026-02-24 - Rosto Köfte-Püre', '2026-02-24 12:50:33');
INSERT INTO inventory_transactions (id, inventory_id, type, quantity, source, reference_id, notes, created_at) VALUES (38, 9, 'out', 24.3, 'production', NULL, 'Üretim 2026-02-24 - Rosto Köfte-Püre', '2026-02-24 12:50:33');
INSERT INTO inventory_transactions (id, inventory_id, type, quantity, source, reference_id, notes, created_at) VALUES (39, 4, 'out', 4.86, 'production', NULL, 'Üretim 2026-02-24 - Rosto Köfte-Püre', '2026-02-24 12:50:33');
INSERT INTO inventory_transactions (id, inventory_id, type, quantity, source, reference_id, notes, created_at) VALUES (40, 17, 'out', 4.86, 'production', NULL, 'Üretim 2026-02-24 - Rosto Köfte-Püre', '2026-02-24 12:50:33');
INSERT INTO inventory_transactions (id, inventory_id, type, quantity, source, reference_id, notes, created_at) VALUES (41, 6, 'out', 2.43, 'production', NULL, 'Üretim 2026-02-24 - Rosto Köfte-Püre', '2026-02-24 12:50:33');
INSERT INTO inventory_transactions (id, inventory_id, type, quantity, source, reference_id, notes, created_at) VALUES (42, 5, 'out', 2.43, 'production', NULL, 'Üretim 2026-02-24 - Makarna', '2026-02-24 12:50:33');
INSERT INTO inventory_transactions (id, inventory_id, type, quantity, source, reference_id, notes, created_at) VALUES (43, 32, 'out', 19.44, 'production', NULL, 'Üretim 2026-02-24 - Makarna', '2026-02-24 12:50:33');
INSERT INTO inventory_transactions (id, inventory_id, type, quantity, source, reference_id, notes, created_at) VALUES (44, 21, 'out', 2.43, 'production', NULL, 'Üretim 2026-02-24 - Makarna', '2026-02-24 12:50:33');
INSERT INTO inventory_transactions (id, inventory_id, type, quantity, source, reference_id, notes, created_at) VALUES (45, 38, 'out', 3.645, 'production', NULL, 'Üretim 2026-02-24 - Sütlü Tatlı', '2026-02-24 12:50:33');
INSERT INTO inventory_transactions (id, inventory_id, type, quantity, source, reference_id, notes, created_at) VALUES (46, 40, 'out', 6.075, 'production', NULL, 'Üretim 2026-02-24 - Sütlü Tatlı', '2026-02-24 12:50:33');
INSERT INTO inventory_transactions (id, inventory_id, type, quantity, source, reference_id, notes, created_at) VALUES (47, 17, 'out', 19.44, 'production', NULL, 'Üretim 2026-02-24 - Sütlü Tatlı', '2026-02-24 12:50:33');
INSERT INTO inventory_transactions (id, inventory_id, type, quantity, source, reference_id, notes, created_at) VALUES (48, 41, 'out', 0.243, 'production', NULL, 'Üretim 2026-02-24 - Sütlü Tatlı', '2026-02-24 12:50:33');

